cohort,endpoint,n,direction,program,effect,p,BH_q,role,BH_q_all_tests
GSE168009,no durable benefit vs durable (CCRT),4 vs 5,NDB-DCB,ACKR2_TGFb,1.0937718238400254,0.03937007874015748,0.09842519685039369,outcome,0.09842519685039369
GSE168009,no durable benefit vs durable (CCRT),4 vs 5,NDB-DCB,MDM2_DDR,-0.3195612909526105,0.4015748031496063,0.610236220472441,outcome,0.5237932214994865
GSE168009,no durable benefit vs durable (CCRT),4 vs 5,NDB-DCB,Tcell_senescence,-0.3745259210414769,0.4881889763779528,0.610236220472441,outcome,0.610236220472441
GSE168009,no durable benefit vs durable (CCRT),4 vs 5,NDB-DCB,Hypoxia,0.1601801518894848,0.6141732283464567,0.6141732283464567,outcome,0.7370078740157481
GSE168009,no durable benefit vs durable (CCRT),4 vs 5,NDB-DCB,CAF_ECM,1.4978437284595658,0.031496062992125984,0.09842519685039369,outcome,0.08589835361488905
GSE56363,non-complete vs complete response (CRT),9 vs 12,NCR-CR,ACKR2_TGFb,-0.43171992286098637,0.09657368566092042,0.16095614276820072,outcome,0.18107566061422578
GSE56363,non-complete vs complete response (CRT),9 vs 12,NCR-CR,MDM2_DDR,0.45482952325260384,0.056523469793931226,0.14130867448482806,outcome,0.12112172098699549
GSE56363,non-complete vs complete response (CRT),9 vs 12,NCR-CR,Tcell_senescence,-0.03423225830212528,0.9099312423664058,0.9099312423664058,outcome,0.9347532592598382
GSE56363,non-complete vs complete response (CRT),9 vs 12,NCR-CR,Hypoxia,0.05479098089226641,0.7977212338950298,0.9099312423664058,outcome,0.8863569265500331
GSE56363,non-complete vs complete response (CRT),9 vs 12,NCR-CR,CAF_ECM,-0.8694658199037675,0.02562165950512195,0.12810829752560973,outcome,0.07686497851536585
GSE70035,non-responder vs responder (neoadjuvant chemo),6 vs 6,NR-R,ACKR2_TGFb,-0.4607746960507536,0.1654054054054054,0.6684684684684685,context control,0.26116642958748226
GSE70035,non-responder vs responder (neoadjuvant chemo),6 vs 6,NR-R,MDM2_DDR,-0.04642747877113304,0.8291891891891892,0.8291891891891892,context control,0.8884169884169884
GSE70035,non-responder vs responder (neoadjuvant chemo),6 vs 6,NR-R,Tcell_senescence,-0.34016906285407356,0.4010810810810811,0.6684684684684685,context control,0.5237932214994865
GSE70035,non-responder vs responder (neoadjuvant chemo),6 vs 6,NR-R,Hypoxia,-0.3737981874724717,0.3772972972972973,0.6684684684684685,context control,0.5237932214994865
GSE70035,non-responder vs responder (neoadjuvant chemo),6 vs 6,NR-R,CAF_ECM,-0.25413433599969004,0.7232432432432433,0.8291891891891892,context control,0.8345114345114345
GSE63514,ordinal normal/CIN/cancer (Spearman rho),128,rho,ACKR2_TGFb,0.22215390406258073,0.011725315947445691,0.014656644934307114,tumour progression,0.03908438649148564
GSE63514,ordinal normal/CIN/cancer (Spearman rho),128,rho,MDM2_DDR,0.22771937089987854,0.00973409496792199,0.014656644934307114,tumour progression,0.03650285612970746
GSE63514,ordinal normal/CIN/cancer (Spearman rho),128,rho,Tcell_senescence,0.48041862783693084,9.528237776624679e-09,2.3820594441561695e-08,tumour progression,1.429235666493702e-07
GSE63514,ordinal normal/CIN/cancer (Spearman rho),128,rho,Hypoxia,0.6386637937879198,5.036281853956352e-16,2.518140926978176e-15,tumour progression,1.510884556186906e-14
GSE63514,ordinal normal/CIN/cancer (Spearman rho),128,rho,CAF_ECM,0.15783334493765833,0.07518508283837386,0.07518508283837386,tumour progression,0.1503701656767477
TCGA-CESC,"overall survival, continuous Cox per SD (mixed stage and treatment)",291 (72 deaths),HR per SD,ACKR2_TGFb,1.2130825425203655,0.12123045933417259,0.20205076555695434,prognosis (not treatment-specific),0.2139361047073634
TCGA-CESC,"overall survival, continuous Cox per SD (mixed stage and treatment)",291 (72 deaths),HR per SD,MDM2_DDR,1.0098563112994294,0.9347532592598382,0.9347532592598382,prognosis (not treatment-specific),0.9347532592598382
TCGA-CESC,"overall survival, continuous Cox per SD (mixed stage and treatment)",291 (72 deaths),HR per SD,Tcell_senescence,0.7067783248223809,0.0023472096546168306,0.005868024136542077,prognosis (not treatment-specific),0.01220703125
TCGA-CESC,"overall survival, continuous Cox per SD (mixed stage and treatment)",291 (72 deaths),HR per SD,Hypoxia,1.8652580265702594,2.4017661614659855e-05,0.00012008830807329927,prognosis (not treatment-specific),0.00024017661614659854
TCGA-CESC,"overall survival, continuous Cox per SD (mixed stage and treatment)",291 (72 deaths),HR per SD,CAF_ECM,1.15798491745067,0.23674014271152877,0.29592517838941096,prognosis (not treatment-specific),0.35511021406729315
GSE297038,paired pre-RT vs week-3 CRT,12 pairs,3wk-pre,ACKR2_TGFb,0.569491844237482,0.00244140625,0.006103515625,exposure (paired),0.01220703125
GSE297038,paired pre-RT vs week-3 CRT,12 pairs,3wk-pre,MDM2_DDR,1.4960922976204876,0.00048828125,0.00244140625,exposure (paired),0.003662109375
GSE297038,paired pre-RT vs week-3 CRT,12 pairs,3wk-pre,Tcell_senescence,-1.040595899537556,0.005859375,0.009765625,exposure (paired),0.025111607142857144
GSE297038,paired pre-RT vs week-3 CRT,12 pairs,3wk-pre,Hypoxia,-0.29918839371728406,0.154296875,0.154296875,exposure (paired),0.25716145833333337
GSE297038,paired pre-RT vs week-3 CRT,12 pairs,3wk-pre,CAF_ECM,0.7159746820172304,0.0537109375,0.067138671875,exposure (paired),0.12112172098699549
